sku_code,sku_name,unit,sku_type,is_serial_tracked,warranty_applicable,published_to_app,power_or_voltage,specification
DCYH02-300,Hoạch định & cắt DC – DCYH02-300,cái,PRODUCT,False,True,True,Pin,"{""machine_code"": ""DCYH02-300"", ""machine_category"": ""Hoạch định & cắt DC"", ""features"": """", ""package_accessories"": ""Vòng đệm O (6pcs), vòng đệm nhựa (3pcs), khuôn ép (12pcs) (10, 16, 25, 35, 50, 70, 95, 120, 150, 185, 240, 300mm2), đóng gói hộp nhựa 180° Đầu làm việc xoay 180° thuận tiện khi làm việc trong không gian hẹp"", ""power_source"": ""Pin"", ""power"": ""270W"", ""capacity"": ""dầu ≈115mL Khuyến nghị dầu thủy lực Shell Tellus H2V HV15 Chu kỳ bấm 2.5-5s (tùy thuộc vào kích thước của cáp) Nhiệt độ"", ""no_load_speed"": """", ""impact_rate"": """", ""max_torque"": """", ""weight"": ""4.6/4.0kg"", ""function_icons"": """", ""usage"": ""Cưa/cắt vật liệu theo loại lưỡi và cấu hình máy."", ""field"": ""Xây dựng / cơ khí / bảo trì (phân loại tham khảo)"", ""audience"": ""Thợ chuyên nghiệp; kỹ thuật viên; đội bảo trì"", ""excel_position"": 91, ""pdf_page"": 44, ""catalog_page"": 65, ""source"": ""DongCheng 2026 catalog import from Excel""}"
DCYH04-300,Hoạch định & cắt DC – DCYH04-300,cái,PRODUCT,False,True,True,Pin,"{""machine_code"": ""DCYH04-300"", ""machine_category"": ""Hoạch định & cắt DC"", ""features"": ""1. Bơm thủy lực mạnh mẽ 6T; (Type EM) 4.0Ahx2, Bộ sạc 2A (Type H2K) 6.0Ahx2, Bộ sạc 4A (Type Z) Solo, đóng gói hộp nhựa 2. Đầu làm việc xoay 350°, thuận tiện khi làm việc trong không gian hẹp; 3. Chức năng thu hồi tự động, nâng cao hiệu suất làm việc; 4. Màn hình OLED, hiển thị trực quan trạng thái làm việc; 5. Chức năng đặt lại thủ công, bảo vệ máy và an toàn cho người vận hành."", ""package_accessories"": ""Vòng đệm O (6pcs), vòng đệm nhựa (3pcs), khuôn ép (12pcs) (10, 16, 25, 35, 50, 70, 95, 120, 150, 185, 240, 300mm2), đóng gói hộp nhựa"", ""power_source"": ""Pin"", ""power"": ""270W"", ""capacity"": ""dầu ≈250mL Khuyến nghị dầu thủy lực Shell Tellus S2V HV15 Nhiệt độ làm việc -10-40℃ Khối lượng tịnh 13.4/13.7/12.8kg Kìm"", ""no_load_speed"": """", ""impact_rate"": """", ""max_torque"": """", ""weight"": ""13.4/13.7/12.8kg"", ""function_icons"": ""Đèn LED"", ""usage"": ""Cưa/cắt vật liệu theo loại lưỡi và cấu hình máy."", ""field"": ""Xây dựng / cơ khí / bảo trì (phân loại tham khảo)"", ""audience"": ""Thợ chuyên nghiệp; kỹ thuật viên; đội bảo trì"", ""excel_position"": 92, ""pdf_page"": 44, ""catalog_page"": 65, ""source"": ""DongCheng 2026 catalog import from Excel""}"
DCYH04-400,Hoạch định & cắt DC – DCYH04-400,cái,PRODUCT,False,True,True,Pin,"{""machine_code"": ""DCYH04-400"", ""machine_category"": ""Hoạch định & cắt DC"", ""features"": ""1. Cắt cáp đồng hoặc nhôm lên đến Ф55mm; (Type EM) 4.0Ahx2, Bộ sạc 2A (Type H2K) 6.0Ahx2, Bộ sạc 4A (Type Z) Solo, đóng gói hộp nhựa 2. Đầu làm việc xoay 350°, thuận tiện khi làm việc trong không gian hẹp; 3. Chức năng thu hồi tự động, nâng cao hiệu suất làm việc; 4. Chức năng đặt lại thủ công, tăng độ an toàn vận hành và tiện lợi khi xảy ra sự cố; 5. Màn hình OLED, hiển thị trực quan trạng thái làm việc."", ""package_accessories"": ""Vòng làm kín xi lanh (1 bộ), vòng giữ bằng nhựa (1pcs), dây đeo treo, tay cầm phụ, đóng gói hộp nhựa"", ""power_source"": ""Pin"", ""power"": ""270W"", ""capacity"": ""dầu ≈60mL Dầu thủy lực đề xuất Shell Tellus S2V HV15 Nhiệt độ làm việc -10-40℃ Khối lượng tịnh 5.3/5.6/4.7kg Máy ép cáp"", ""no_load_speed"": """", ""impact_rate"": """", ""max_torque"": """", ""weight"": ""5.3/5.6/4.7kg"", ""function_icons"": ""Đèn LED"", ""usage"": ""Cưa/cắt vật liệu theo loại lưỡi và cấu hình máy."", ""field"": ""Xây dựng / cơ khí / bảo trì (phân loại tham khảo)"", ""audience"": ""Thợ chuyên nghiệp; kỹ thuật viên; đội bảo trì"", ""excel_position"": 93, ""pdf_page"": 44, ""catalog_page"": 65, ""source"": ""DongCheng 2026 catalog import from Excel""}"
DCYH300,Kìm bấm cos thủy lực chạy pin,cái,PRODUCT,False,True,True,Pin,"{""machine_code"": ""DCYH300"", ""machine_category"": ""Hoạch định & cắt DC"", ""features"": ""Bấm tối đa (Loại EM) 4.0Ahx2, bộ sạc 2A (Loại Z) Solo, đóng gói hộp nhựa 326 chiếc đồng 120mm2 1. Bơm thủy lực mạnh mẽ 6T; 2. Đầu làm việc xoay 350°, thuận tiện làm việc ở không gian chật hẹp; đầu cos với bộ"", ""package_accessories"": ""Vòng đệm kín của xi lanh (1 bộ), Vòng đệm kín của van an toàn (1 bộ), Dây treo, Khuôn bấm (12 chiếc) (10, 16, 25, 35, 50, 70, 95, 120, 150, 185, 240, 300mm2), đóng gói hộp nhựa"", ""power_source"": ""Pin"", ""power"": """", ""capacity"": """", ""no_load_speed"": """", ""impact_rate"": """", ""max_torque"": """", ""weight"": """", ""function_icons"": ""Đèn LED"", ""usage"": ""Cưa/cắt vật liệu theo loại lưỡi và cấu hình máy."", ""field"": ""Xây dựng / cơ khí / bảo trì (phân loại tham khảo)"", ""audience"": ""Thợ chuyên nghiệp; kỹ thuật viên; đội bảo trì"", ""excel_position"": 94, ""pdf_page"": 44, ""catalog_page"": 65, ""source"": ""DongCheng 2026 catalog import from Excel""}"
DCYJ04-120,Máy cắt cáp thủy lực chạy pin,cái,PRODUCT,False,True,True,Pin,"{""machine_code"": ""DCYJ04-120"", ""machine_category"": ""Hoạch định & cắt DC"", ""features"": ""(Loại EM) 4.0Ahx2, bộ sạc 2A (Loại H2K) 6.0Ahx2, bộ sạc 4A (Loại Z) Solo, đóng gói hộp nhựa 1. Bơm thủy lực mạnh mẽ 12T; 2. Cắt cáp đồng hoặc nhôm lên đến Ф120mm; 3. Đầu làm việc xoay 350°, thuận tiện làm việc ở không gian chật hẹp; 4. Chức năng tự thu hồi, nâng cao hiệu quả làm việc; 5. Chức năng khởi động lại bằng tay, tăng cường an toàn và sự tiện lợi khi xảy ra sự cố; 6. Màn hình OLED, hiển thị trực quan trạng thái làm việc."", ""package_accessories"": ""Vòng đệm kín của xi lanh (1 bộ), Vòng đệm kín của van an toàn (1 bộ), Tay cầm phụ, đóng gói hộp nhựa"", ""power_source"": ""Pin"", ""power"": """", ""capacity"": """", ""no_load_speed"": """", ""impact_rate"": """", ""max_torque"": """", ""weight"": """", ""function_icons"": ""Đèn LED"", ""usage"": ""Cưa/cắt vật liệu theo loại lưỡi và cấu hình máy."", ""field"": ""Xây dựng / cơ khí / bảo trì (phân loại tham khảo)"", ""audience"": ""Thợ chuyên nghiệp; kỹ thuật viên; đội bảo trì"", ""excel_position"": 95, ""pdf_page"": 44, ""catalog_page"": 65, ""source"": ""DongCheng 2026 catalog import from Excel""}"
DCYH400,Dụng cụ crimping cáp thủy lực không dây,cái,PRODUCT,False,True,True,Pin,"{""machine_code"": ""DCYH400"", ""machine_category"": ""Hoạch định & cắt DC"", ""features"": ""(TYPE EM/Z) 1. 12T Bơm thủy lực mạnh mẽ; (Type EM) 4.0Ahx2, Sạc 2A (Type Z) Solo, Bao bì hộp nhựa 2. Đầu làm việc xoay được 350°, thuận tiện làm việc ở không gian hẹp; 3. Chức năng thu hồi tự động, tăng hiệu quả làm việc; 4. Chức năng đặt lại bằng tay, tăng an toàn và thuận tiện vận hành khi xảy ra lỗi; 5. Màn hình OLED, hiển thị trực quan trạng thái làm việc."", ""package_accessories"": ""Điểm niêm phong xilanh (1 bộ), Vòng niêm phong van an toàn (1 bộ), Dây đai treo, Cối crimp (13 chiếc) (10, 16, 25, 35, 50, 70, 95, 120, 150, 185, 240, 300, 400mm2), Bao bì hộp nhựa"", ""power_source"": ""Pin"", ""power"": ""400W"", ""capacity"": """", ""no_load_speed"": """", ""impact_rate"": """", ""max_torque"": """", ""weight"": """", ""function_icons"": ""Đèn LED"", ""usage"": ""Cưa/cắt vật liệu theo loại lưỡi và cấu hình máy."", ""field"": ""Xây dựng / cơ khí / bảo trì (phân loại tham khảo)"", ""audience"": ""Thợ chuyên nghiệp; kỹ thuật viên; đội bảo trì"", ""excel_position"": 96, ""pdf_page"": 45, ""catalog_page"": 67, ""source"": ""DongCheng 2026 catalog import from Excel""}"
DCYH630,Hoạch định & cắt DC – DCYH630,cái,PRODUCT,False,True,True,Pin,"{""machine_code"": ""DCYH630"", ""machine_category"": ""Hoạch định & cắt DC"", ""features"": ""1. 180T bơm thủy lực mạnh; (Type EM) 4.0Ahx2, Sạc 2A (Type Z) Solo, đóng hộp nhựa 2. Đầu làm việc quay 350°, tiện cho làm việc trong không gian hẹp; 3. Chức năng rút tự động, nâng cao hiệu quả làm việc; 4. Chức năng đặt lại bằng tay, tăng an toàn vận hành và tiện lợi khi gặp sự cố; 5. Màn hình OLED, hiển thị trực quan trạng thái làm việc."", ""package_accessories"": ""Vòng O sealing xilanh (1 bộ), Vòng giữ bằng nhựa (1 cái), Đầu cắt dập (15 cái) (10,16, 25, 35, 50, 70, 95, 120, 150, 185, 240, 500, 630mm2), Straps treo, Lắp ráp Mặt dao cố định/di động, Đóng hộp nhựa"", ""power_source"": ""Pin"", ""power"": ""400W"", ""capacity"": ""dầu ≈160mL Gợi ý dầu thủy lực Shell Tellus H2V HV15 Chu kỳ crimp 5-15 giây (tùy kích thước cáp) Nhiệt độ làm việc -10-40"", ""no_load_speed"": """", ""impact_rate"": """", ""max_torque"": """", ""weight"": ""7.3/6.7kg"", ""function_icons"": ""Đèn LED"", ""usage"": ""Cưa/cắt vật liệu theo loại lưỡi và cấu hình máy."", ""field"": ""Xây dựng / cơ khí / bảo trì (phân loại tham khảo)"", ""audience"": ""Thợ chuyên nghiệp; kỹ thuật viên; đội bảo trì"", ""excel_position"": 97, ""pdf_page"": 45, ""catalog_page"": 67, ""source"": ""DongCheng 2026 catalog import from Excel""}"
DCYJ120,Hoạch định & cắt DC – DCYJ120,cái,PRODUCT,False,True,True,Pin,"{""machine_code"": ""DCYJ120"", ""machine_category"": ""Hoạch định & cắt DC"", ""features"": ""cáp với"", ""package_accessories"": ""Vòng O sealing xilanh (1 bộ), Vòng chắn van an toàn (1 bộ), T handle phụ, Đóng hộp nhựa"", ""power_source"": ""Pin"", ""power"": ""400W"", ""capacity"": ""dầu ≈260mL Gợi ý dầu thủy lực Shell Tellus S2V HV15 Nhiệt độ làm việc -10-40℃ Trọng lượng tịnh 7.8/7.2kg Dụng cụ cắt cáp"", ""no_load_speed"": """", ""impact_rate"": """", ""max_torque"": """", ""weight"": ""7.8/7.2kg"", ""function_icons"": ""Đèn LED"", ""usage"": ""Cưa/cắt vật liệu theo loại lưỡi và cấu hình máy."", ""field"": ""Xây dựng / cơ khí / bảo trì (phân loại tham khảo)"", ""audience"": ""Thợ chuyên nghiệp; kỹ thuật viên; đội bảo trì"", ""excel_position"": 98, ""pdf_page"": 45, ""catalog_page"": 67, ""source"": ""DongCheng 2026 catalog import from Excel""}"
DCYJ40,Hoạch định & cắt DC – DCYJ40,cái,PRODUCT,False,True,True,Pin,"{""machine_code"": ""DCYJ40"", ""machine_category"": ""Hoạch định & cắt DC"", ""features"": ""(Type Z) Solo, đóng hộp nhựa (Type EM) 4.0Ahx2, Sạc 2A 1. Cắt cáp đồng hoặc nhôm lên đến Ф40mm; 2. Đầu làm việc quay 350°, tiện cho làm việc trong không gian chật hẹp; 3. Chức năng rút tự động, cải thiện hiệu quả làm việc; 4. Chức năng đặt lại bằng tay, tăng an toàn vận hành và tiện lợi khi có lỗi; 5. Màn hình OLED, hiển thị trực quan trạng thái làm việc."", ""package_accessories"": ""O-Ring (6 chiếc), Vòng đệm nhựa (3 chiếc), Bao bì hộp nhựa"", ""power_source"": ""Pin"", ""power"": ""490W"", ""capacity"": ""dầu ≈260mL Gợi ý dầu thủy lực Shell Tellus S2V HV15 Nhiệt độ làm việc -10-40℃ Trọng lượng ròng 6,9/6,3kg Cắt cáp thủy lự"", ""no_load_speed"": """", ""impact_rate"": """", ""max_torque"": """", ""weight"": ""6,9/6,3kg"", ""function_icons"": ""Đèn LED"", ""usage"": ""Cưa/cắt vật liệu theo loại lưỡi và cấu hình máy."", ""field"": ""Xây dựng / cơ khí / bảo trì (phân loại tham khảo)"", ""audience"": ""Thợ chuyên nghiệp; kỹ thuật viên; đội bảo trì"", ""excel_position"": 99, ""pdf_page"": 45, ""catalog_page"": 67, ""source"": ""DongCheng 2026 catalog import from Excel""}"
DCYJ55,Dụng cụ cắt cáp thủy lực không dây,cái,PRODUCT,False,True,True,Pin,"{""machine_code"": ""DCYJ55"", ""machine_category"": ""Hoạch định & cắt DC"", ""features"": ""(TYPE EM/Z) cáp với bộ"", ""package_accessories"": ""Vòng niêm phong xilanh (1 bộ), Nhẫn giữ bằng nhựa (1 chiếc), Dây đai treo, Tối phụ cầm, Bao bì hộp nhựa"", ""power_source"": ""Pin"", ""power"": ""400W"", ""capacity"": """", ""no_load_speed"": """", ""impact_rate"": """", ""max_torque"": """", ""weight"": """", ""function_icons"": ""Đèn LED"", ""usage"": ""Cưa/cắt vật liệu theo loại lưỡi và cấu hình máy."", ""field"": ""Xây dựng / cơ khí / bảo trì (phân loại tham khảo)"", ""audience"": ""Thợ chuyên nghiệp; kỹ thuật viên; đội bảo trì"", ""excel_position"": 100, ""pdf_page"": 45, ""catalog_page"": 67, ""source"": ""DongCheng 2026 catalog import from Excel""}"
DFF02-12LE,Mức Laser xanh,cái,PRODUCT,False,True,True,Pin,"{""machine_code"": ""DFF02-12LE"", ""machine_category"": ""Khác"", ""features"": ""Trọng lượng tịnh 0.6kg 1. Mức 3R laser xanh cường độ cao: hiển thị rõ ràng; 2. Hệ thống pendulum thông minh, tự cân bằng và cho biết trạng thái lệch tới ±3°; 3. Điều khiển từ xa: thuận tiện và hiệu quả; 4. Vỏ bọc cao su toàn bộ, giúp bảo vệ các điểm va đập chính."", ""package_accessories"": ""Bộ"", ""power_source"": ""Pin"", ""power"": """", ""capacity"": """", ""no_load_speed"": """", ""impact_rate"": """", ""max_torque"": """", ""weight"": ""0.6kg"", ""function_icons"": ""Công nghệ pin Li-ion"", ""usage"": ""Sử dụng cho công việc chuyên nghiệp, bảo trì hoặc gia công theo chức năng máy."", ""field"": ""Xây dựng / cơ khí / bảo trì (phân loại tham khảo)"", ""audience"": ""Thợ chuyên nghiệp; kỹ thuật viên; đội bảo trì"", ""excel_position"": 101, ""pdf_page"": 46, ""catalog_page"": 69, ""source"": ""DongCheng 2026 catalog import from Excel""}"
DFF09-11,Mức Laser xanh,cái,PRODUCT,False,True,True,Pin,"{""machine_code"": ""DFF09-11"", ""machine_category"": ""Khác"", ""features"": ""1. Đèn laser xanh cường độ cao cấp độ 3R: hiển thị rõ; 2. Hệ thống quỹ đạo thông minh, tự cân chỉnh và chỉ ra trạng thái lệch mức lên đến ±3°; 3. Điều khiển từ xa: tiện lợi và hiệu quả; 4. Vỏ bọc cao su nguyên khối, giúp bảo vệ các điểm va đập chính."", ""package_accessories"": ""Gói"", ""power_source"": ""Pin"", ""power"": """", ""capacity"": """", ""no_load_speed"": """", ""impact_rate"": """", ""max_torque"": """", ""weight"": """", ""function_icons"": ""Công nghệ pin Li-ion"", ""usage"": ""Sử dụng cho công việc chuyên nghiệp, bảo trì hoặc gia công theo chức năng máy."", ""field"": ""Xây dựng / cơ khí / bảo trì (phân loại tham khảo)"", ""audience"": ""Thợ chuyên nghiệp; kỹ thuật viên; đội bảo trì"", ""excel_position"": 102, ""pdf_page"": 46, ""catalog_page"": 69, ""source"": ""DongCheng 2026 catalog import from Excel""}"
DFF09-21,Mức Laser xanh,cái,PRODUCT,False,True,True,Pin,"{""machine_code"": ""DFF09-21"", ""machine_category"": ""Khác"", ""features"": ""1. Đèn laser xanh cường độ cao cấp độ 3R: hiển thị rõ; 2. Hệ thống quỹ đạo thông minh, tự cân chỉnh và chỉ ra trạng thái lệch mức lên đến ±3°; 3. Điều khiển từ xa: tiện lợi và hiệu quả; 4. Vỏ bọc cao su nguyên khối, giúp bảo vệ các điểm va đập chính."", ""package_accessories"": ""Gói"", ""power_source"": ""Pin"", ""power"": """", ""capacity"": """", ""no_load_speed"": """", ""impact_rate"": """", ""max_torque"": """", ""weight"": """", ""function_icons"": ""Công nghệ pin Li-ion"", ""usage"": ""Sử dụng cho công việc chuyên nghiệp, bảo trì hoặc gia công theo chức năng máy."", ""field"": ""Xây dựng / cơ khí / bảo trì (phân loại tham khảo)"", ""audience"": ""Thợ chuyên nghiệp; kỹ thuật viên; đội bảo trì"", ""excel_position"": 103, ""pdf_page"": 46, ""catalog_page"": 69, ""source"": ""DongCheng 2026 catalog import from Excel""}"
DFF12LE,Mức Laser xanh,cái,PRODUCT,False,True,True,Pin,"{""machine_code"": ""DFF12LE"", ""machine_category"": ""Khác"", ""features"": ""Độ chính xác Phạm vi cân bằng tự động Chiều rộng đường laser Nhiệt độ vận hành Lớp laser Ren chân máy Trọng lượng tịnh 4mm tại khoảng cách 10m ±0.3mm/m -10~40℃ 0.6kg 1/4\"" ±3° 3R 1 Mức 3R laser xanh cường độcao: hiển thịrõ ràng; DỤNG CỤ KHÔNG DÂY"", ""package_accessories"": """", ""power_source"": ""Pin"", ""power"": """", ""capacity"": """", ""no_load_speed"": """", ""impact_rate"": """", ""max_torque"": """", ""weight"": """", ""function_icons"": """", ""usage"": ""Sử dụng cho công việc chuyên nghiệp, bảo trì hoặc gia công theo chức năng máy."", ""field"": ""Xây dựng / cơ khí / bảo trì (phân loại tham khảo)"", ""audience"": ""Thợ chuyên nghiệp; kỹ thuật viên; đội bảo trì"", ""excel_position"": 104, ""pdf_page"": 46, ""catalog_page"": 69, ""source"": ""DongCheng 2026 catalog import from Excel""}"
DCWL20,Đo lường & chiếu sáng DC – DCWL20,cái,PRODUCT,False,True,True,Pin,"{""machine_code"": ""DCWL20"", ""machine_category"": ""Đo lường & chiếu sáng DC"", ""features"": ""1. Chế độ đo 8 lần, phù hợp cho nhiều tình huống; 2. Chip chất lượng cao, độ chính xác cao; 3. Chế độ tiết kiệm điện, tự tắt; 4. Thời gian sử dụng lâu, lên đến 8,000 phép đo mỗi lần sạc đầy."", ""package_accessories"": ""Túi vải đựng, Dây đeo,"", ""power_source"": ""Pin"", ""power"": """", ""capacity"": """", ""no_load_speed"": """", ""impact_rate"": """", ""max_torque"": """", ""weight"": """", ""function_icons"": ""Đèn LED; AC/DC dùng kép"", ""usage"": ""Đo đạc, căn chỉnh và kiểm tra kích thước/độ phẳng."", ""field"": ""Xây dựng / cơ khí / bảo trì (phân loại tham khảo)"", ""audience"": ""Thợ chuyên nghiệp; kỹ thuật viên; đội bảo trì"", ""excel_position"": 105, ""pdf_page"": 47, ""catalog_page"": 71, ""source"": ""DongCheng 2026 catalog import from Excel""}"
DCWL20B,Đèn làm việc LED không dây,cái,PRODUCT,False,True,True,Pin,"{""machine_code"": ""DCWL20B"", ""machine_category"": ""Đo lường & chiếu sáng DC"", ""features"": ""(LOẠI ADM/BM/Z) ở chế độ giữa hoặc 1. Độ sáng tối đa 3000LM, chiếu sáng khu vực làm việc; 7 (Loại ADM) 2.0Ahx1, Gói hộp màu (Loại BM) 4.0Ahx2, Gói hộp màu (Loại Z) Solo, Gói hộp màu giờ ở chế độ thấp với bộ"", ""package_accessories"": """", ""power_source"": ""Pin"", ""power"": """", ""capacity"": """", ""no_load_speed"": """", ""impact_rate"": """", ""max_torque"": """", ""weight"": ""2.2/2.4/1.6kg"", ""function_icons"": ""Đèn LED"", ""usage"": ""Đo đạc, căn chỉnh và kiểm tra kích thước/độ phẳng."", ""field"": ""Xây dựng / cơ khí / bảo trì (phân loại tham khảo)"", ""audience"": ""Thợ chuyên nghiệp; kỹ thuật viên; đội bảo trì"", ""excel_position"": 106, ""pdf_page"": 47, ""catalog_page"": 71, ""source"": ""DongCheng 2026 catalog import from Excel""}"
DDF05-40,Đèn laser xanh,cái,PRODUCT,False,True,True,Pin,"{""machine_code"": ""DDF05-40"", ""machine_category"": ""Đo lường & chiếu sáng DC"", ""features"": """", ""package_accessories"": """", ""power_source"": ""Pin"", ""power"": """", ""capacity"": """", ""no_load_speed"": """", ""impact_rate"": """", ""max_torque"": """", ""weight"": """", ""function_icons"": """", ""usage"": ""Đo đạc, căn chỉnh và kiểm tra kích thước/độ phẳng."", ""field"": ""Xây dựng / cơ khí / bảo trì (phân loại tham khảo)"", ""audience"": ""Thợ chuyên nghiệp; kỹ thuật viên; đội bảo trì"", ""excel_position"": 107, ""pdf_page"": 47, ""catalog_page"": 71, ""source"": ""DongCheng 2026 catalog import from Excel""}"
DDF05-60,Lớp laser,cái,PRODUCT,False,True,True,Pin,"{""machine_code"": ""DDF05-60"", ""machine_category"": ""Đo lường & chiếu sáng DC"", ""features"": ""Trọng lượng tịnh 0.73kg Tính năng 1. Laser xanh cường độ cao mức 3R, hiển thị rõ ràng; 1. Chế độ đo 8 lần: phù hợp cho nhiều tình huống; 2. Hệ thống con lắc thông minh: tự cân bằng và báo tình trạng lệch tới ±3°; 2. Bộ nhớ lưu trữ: có thể lưu tới 30 phép đo; 3. Đế chỉnh tinh 2 chiều 360°: phù hợp cho nhiều tình huống; 3. Màn hình LCD có đèn nền: dễ đọc trong điều kiện ánh sáng yếu; 4. Đế nhôm được gia cố: chắc chắn và bền bỉ. 4. Chức năng phát giọng nói tiếng Anh."", ""package_accessories"": ""Phụ kiện & Đóng gói Cáp USB, Dây đeo,"", ""power_source"": ""Pin"", ""power"": """", ""capacity"": """", ""no_load_speed"": """", ""impact_rate"": """", ""max_torque"": """", ""weight"": ""0.73kg"", ""function_icons"": ""Công nghệ pin Li-ion"", ""usage"": ""Đo đạc, căn chỉnh và kiểm tra kích thước/độ phẳng."", ""field"": ""Xây dựng / cơ khí / bảo trì (phân loại tham khảo)"", ""audience"": ""Thợ chuyên nghiệp; kỹ thuật viên; đội bảo trì"", ""excel_position"": 108, ""pdf_page"": 47, ""catalog_page"": 71, ""source"": ""DongCheng 2026 catalog import from Excel""}"
DDF05-80,Lớp laser,cái,PRODUCT,False,True,True,Pin,"{""machine_code"": ""DDF05-80"", ""machine_category"": ""Đo lường & chiếu sáng DC"", ""features"": ""Trọng lượng tịnh 0.73kg Tính năng 1. Laser xanh cường độ cao mức 3R, hiển thị rõ ràng; 1. Chế độ đo 8 lần: phù hợp cho nhiều tình huống; 2. Hệ thống con lắc thông minh: tự cân bằng và báo tình trạng lệch tới ±3°; 2. Bộ nhớ lưu trữ: có thể lưu tới 30 phép đo; 3. Đế chỉnh tinh 2 chiều 360°: phù hợp cho nhiều tình huống; 3. Màn hình LCD có đèn nền: dễ đọc trong điều kiện ánh sáng yếu; 4. Đế nhôm được gia cố: chắc chắn và bền bỉ. 4. Chức năng phát giọng nói tiếng Anh."", ""package_accessories"": ""Phụ kiện & Đóng gói Cáp USB, Dây đeo,"", ""power_source"": ""Pin"", ""power"": """", ""capacity"": """", ""no_load_speed"": """", ""impact_rate"": """", ""max_torque"": """", ""weight"": ""0.73kg"", ""function_icons"": ""Công nghệ pin Li-ion"", ""usage"": ""Đo đạc, căn chỉnh và kiểm tra kích thước/độ phẳng."", ""field"": ""Xây dựng / cơ khí / bảo trì (phân loại tham khảo)"", ""audience"": ""Thợ chuyên nghiệp; kỹ thuật viên; đội bảo trì"", ""excel_position"": 109, ""pdf_page"": 47, ""catalog_page"": 71, ""source"": ""DongCheng 2026 catalog import from Excel""}"
DDF07-100,Máy đo khoảng cách bằng laser,cái,PRODUCT,False,True,True,Pin,"{""machine_code"": ""DDF07-100"", ""machine_category"": ""Đo lường & chiếu sáng DC"", ""features"": ""1. Chế độ đo 8 lần, phù hợp cho nhiều tình huống; 2. Chip chất lượng cao, độ chính xác cao; 3. Chế độ tiết kiệm điện, tự tắt; 4. Thời gian sử dụng lâu, lên đến 8,000 phép đo mỗi lần sạc đầy."", ""package_accessories"": ""Túi vải đựng, Dây đeo,"", ""power_source"": ""Pin"", ""power"": """", ""capacity"": """", ""no_load_speed"": """", ""impact_rate"": """", ""max_torque"": """", ""weight"": """", ""function_icons"": ""Đèn LED; AC/DC dùng kép"", ""usage"": ""Đo đạc, căn chỉnh và kiểm tra kích thước/độ phẳng."", ""field"": ""Xây dựng / cơ khí / bảo trì (phân loại tham khảo)"", ""audience"": ""Thợ chuyên nghiệp; kỹ thuật viên; đội bảo trì"", ""excel_position"": 110, ""pdf_page"": 47, ""catalog_page"": 71, ""source"": ""DongCheng 2026 catalog import from Excel""}"
DDF07-50,Đo lường & chiếu sáng DC – DDF07-50,cái,PRODUCT,False,True,True,Pin,"{""machine_code"": ""DDF07-50"", ""machine_category"": ""Đo lường & chiếu sáng DC"", ""features"": ""Tính năng 1. Chế độ đo 8 lần: phù hợp với nhiều tình huống; 1. Chế độ đo 8 lần: phù hợp với nhiều tình huống; 2. Lưu trữ bộ nhớ: có thể lưu tối đa 30 lần đo; 2. Lưu trữ bộ nhớ: có thể lưu tối đa 30 lần đo; 3. Màn hình LCD phát sáng nền: dễ đọc khi ánh sáng yếu; 3. Màn hình LCD phát sáng nền: dễ đọc khi ánh sáng yếu; 4. Chức năng phát giọng nói tiếng Anh. 4. Chức năng phát giọng nói tiếng Anh."", ""package_accessories"": ""Phụ kiện & Gói hàng Cáp USB, Dây đeo cổ,"", ""power_source"": ""Pin"", ""power"": """", ""capacity"": """", ""no_load_speed"": """", ""impact_rate"": """", ""max_torque"": """", ""weight"": """", ""function_icons"": """", ""usage"": ""Đo đạc, căn chỉnh và kiểm tra kích thước/độ phẳng."", ""field"": ""Xây dựng / cơ khí / bảo trì (phân loại tham khảo)"", ""audience"": ""Thợ chuyên nghiệp; kỹ thuật viên; đội bảo trì"", ""excel_position"": 111, ""pdf_page"": 47, ""catalog_page"": 71, ""source"": ""DongCheng 2026 catalog import from Excel""}"
DDF07-70,Đo lường & chiếu sáng DC – DDF07-70,cái,PRODUCT,False,True,True,Pin,"{""machine_code"": ""DDF07-70"", ""machine_category"": ""Đo lường & chiếu sáng DC"", ""features"": ""Tính năng 1. Chế độ đo 8 lần: phù hợp với nhiều tình huống; 1. Chế độ đo 8 lần: phù hợp với nhiều tình huống; 2. Lưu trữ bộ nhớ: có thể lưu tối đa 30 lần đo; 2. Lưu trữ bộ nhớ: có thể lưu tối đa 30 lần đo; 3. Màn hình LCD phát sáng nền: dễ đọc khi ánh sáng yếu; 3. Màn hình LCD phát sáng nền: dễ đọc khi ánh sáng yếu; 4. Chức năng phát giọng nói tiếng Anh. 4. Chức năng phát giọng nói tiếng Anh."", ""package_accessories"": ""Phụ kiện & Gói hàng Cáp USB, Dây đeo cổ,"", ""power_source"": ""Pin"", ""power"": """", ""capacity"": """", ""no_load_speed"": """", ""impact_rate"": """", ""max_torque"": """", ""weight"": """", ""function_icons"": """", ""usage"": ""Đo đạc, căn chỉnh và kiểm tra kích thước/độ phẳng."", ""field"": ""Xây dựng / cơ khí / bảo trì (phân loại tham khảo)"", ""audience"": ""Thợ chuyên nghiệp; kỹ thuật viên; đội bảo trì"", ""excel_position"": 112, ""pdf_page"": 47, ""catalog_page"": 71, ""source"": ""DongCheng 2026 catalog import from Excel""}"
DFF09-41,Đèn laser xanh,cái,PRODUCT,False,True,True,Pin,"{""machine_code"": ""DFF09-41"", ""machine_category"": ""Đo lường & chiếu sáng DC"", ""features"": """", ""package_accessories"": """", ""power_source"": ""Pin"", ""power"": """", ""capacity"": """", ""no_load_speed"": """", ""impact_rate"": """", ""max_torque"": """", ""weight"": ""0 73kg"", ""function_icons"": """", ""usage"": ""Đo đạc, căn chỉnh và kiểm tra kích thước/độ phẳng."", ""field"": ""Xây dựng / cơ khí / bảo trì (phân loại tham khảo)"", ""audience"": ""Thợ chuyên nghiệp; kỹ thuật viên; đội bảo trì"", ""excel_position"": 113, ""pdf_page"": 47, ""catalog_page"": 71, ""source"": ""DongCheng 2026 catalog import from Excel""}"
DCQW2035,Máy rửa áp lực không dây có động cơ không chổi than,cái,PRODUCT,False,True,True,Pin,"{""machine_code"": ""DCQW2035"", ""machine_category"": ""Đo lường & chiếu sáng DC"", ""features"": ""(Loại BDM) 4.0Ahx1, Sạc 2A 1. Động cơ không chổi than 300W, cho việc rửa hiệu quả; (Loại Z) Solo, đóng gói hộp màu 2. Động cơ bơm nước hai piston, cho luồng nước liên tục; 3. Điều chỉnh 2 cấp, đáp ứng các yêu cầu rửa khác nhau; 4. Công tắc cò 4 ngón, thuận tiện vận hành."", ""package_accessories"": ""Lắp ráp chai xà phòng, Ống cấp nước, Đầu phun 5 trong 1, Đóng gói hộp màu"", ""power_source"": ""Pin"", ""power"": ""200W"", ""capacity"": """", ""no_load_speed"": """", ""impact_rate"": """", ""max_torque"": """", ""weight"": ""3.2/2.6kg"", ""function_icons"": ""Không chổi than"", ""usage"": ""Đo đạc, căn chỉnh và kiểm tra kích thước/độ phẳng."", ""field"": ""Xây dựng / cơ khí / bảo trì (phân loại tham khảo)"", ""audience"": ""Thợ chuyên nghiệp; kỹ thuật viên; đội bảo trì"", ""excel_position"": 114, ""pdf_page"": 48, ""catalog_page"": 73, ""source"": ""DongCheng 2026 catalog import from Excel""}"
DCQW2058,Đo lường & chiếu sáng DC – DCQW2058,cái,PRODUCT,False,True,True,Pin,"{""machine_code"": ""DCQW2058"", ""machine_category"": ""Đo lường & chiếu sáng DC"", ""features"": ""1. Động cơ rôto ngoài không chổi than, hiệu suất cao, mạnh mẽ và bền bỉ; (Loại BDM) 4.0Ahx1, Sạc 2A 2. 4 chế độ, cung cấp các chế độ làm sạch riêng cho ô tô, xe máy, hàng rào hoặc xe đạp; (Loại Z) Dùng riêng, Đóng gói hộp màu 3. Màn hình kỹ thuật số thông minh, theo dõi áp suất và"", ""package_accessories"": ""Đầu phun dài, Chai đựng dung dịch xà phòng, Ống cấp nước, Đầu phun quạt xoay, Đóng gói hộp màu"", ""power_source"": ""Pin"", ""power"": ""260W"", ""capacity"": """", ""no_load_speed"": """", ""impact_rate"": """", ""max_torque"": """", ""weight"": """", ""function_icons"": ""Không chổi than"", ""usage"": ""Đo đạc, căn chỉnh và kiểm tra kích thước/độ phẳng."", ""field"": ""Xây dựng / cơ khí / bảo trì (phân loại tham khảo)"", ""audience"": ""Thợ chuyên nghiệp; kỹ thuật viên; đội bảo trì"", ""excel_position"": 115, ""pdf_page"": 48, ""catalog_page"": 73, ""source"": ""DongCheng 2026 catalog import from Excel""}"
DCWL2001,Đèn LED làm việc dùng pin không dây,cái,PRODUCT,False,True,True,Pin,"{""machine_code"": ""DCWL2001"", ""machine_category"": ""Đo lường & chiếu sáng DC"", ""features"": """", ""package_accessories"": ""Đóng hộp màu Sáng tối đa 2500LM chiếu sáng khu vực làm việc môi trường Độ sáng 3 chế độ điều chỉnh phù hợp với các yêu cầu làm việc khác nhau"", ""power_source"": ""Pin"", ""power"": """", ""capacity"": """", ""no_load_speed"": """", ""impact_rate"": """", ""max_torque"": """", ""weight"": """", ""function_icons"": ""Đèn LED"", ""usage"": ""Đo đạc, căn chỉnh và kiểm tra kích thước/độ phẳng."", ""field"": ""Xây dựng / cơ khí / bảo trì (phân loại tham khảo)"", ""audience"": ""Thợ chuyên nghiệp; kỹ thuật viên; đội bảo trì"", ""excel_position"": 116, ""pdf_page"": 48, ""catalog_page"": 73, ""source"": ""DongCheng 2026 catalog import from Excel""}"
DCEP100,Dụng cụ làm vườn DC – DCEP100,cái,PRODUCT,False,True,True,Pin,"{""machine_code"": ""DCEP100"", ""machine_category"": ""Dụng cụ làm vườn DC"", ""features"": """", ""package_accessories"": ""Dây đeo vai, đóng hộp carton 90° góc cắt có thể điều chỉnh 90° sắc bén và bền, kas không dính và chống mài mòn AI Ống nhôm Mở rộng từ 1.4m đến 2.0m sắc bén và bền, không dính và chống mài mòn"", ""power_source"": ""Pin"", ""power"": ""40W"", ""capacity"": """", ""no_load_speed"": """", ""impact_rate"": """", ""max_torque"": """", ""weight"": ""1.0 /0.7kg"", ""function_icons"": """", ""usage"": ""Cắt tỉa, làm cỏ, cưa, thổi hoặc chăm sóc cảnh quan."", ""field"": ""Nông nghiệp / cảnh quan (phân loại tham khảo)"", ""audience"": ""Nông dân; đơn vị cảnh quan; hộ gia đình"", ""excel_position"": 117, ""pdf_page"": 49, ""catalog_page"": 75, ""source"": ""DongCheng 2026 catalog import from Excel""}"
DCGS20083-2,Máy cắt cỏ không dây & tỉa bụi cây,cái,PRODUCT,False,True,True,Pin,"{""machine_code"": ""DCGS20083-2"", ""machine_category"": ""Dụng cụ làm vườn DC"", ""features"": ""(Type AM) 2.0Ah×2, Sạc 2.0A 1. Hệ thống thay lưỡi dao nhanh không dùng dụng cụ; 2. Thiết kế nhẹ 1.0kg (kèm"", ""package_accessories"": ""Lưỡi cắt tỉa bụi, Đóng hộp màu"", ""power_source"": ""Pin"", ""power"": """", ""capacity"": """", ""no_load_speed"": """", ""impact_rate"": """", ""max_torque"": """", ""weight"": """", ""function_icons"": """", ""usage"": ""Cưa/cắt vật liệu theo loại lưỡi và cấu hình máy."", ""field"": ""Nông nghiệp / cảnh quan (phân loại tham khảo)"", ""audience"": ""Nông dân; đơn vị cảnh quan; hộ gia đình"", ""excel_position"": 118, ""pdf_page"": 49, ""catalog_page"": 75, ""source"": ""DongCheng 2026 catalog import from Excel""}"
DCML20081,Dụng cụ làm vườn DC – DCML20081,cái,PRODUCT,False,True,True,Pin,"{""machine_code"": ""DCML20081"", ""machine_category"": ""Dụng cụ làm vườn DC"", ""features"": ""gỗ thông tròn có (Loại DM) 4.0Ahx1, Bộ sạc 2A (Loại EM) 4.0Ahx2, Bộ sạc 2A (Loại FK) 5.0Ahx2, Bộ sạc 4A (Loại Z) Solo, Đóng gói hộp màu Bộ"", ""package_accessories"": ""Bộ lắp bình dầu, Xích cưa, Thanh dẫn hướng, Bảo vệ thanh, Đóng gói hộp màu"", ""power_source"": ""Pin"", ""power"": """", ""capacity"": """", ""no_load_speed"": """", ""impact_rate"": """", ""max_torque"": """", ""weight"": ""1.3kg"", ""function_icons"": ""Không chổi than"", ""usage"": ""Cắt tỉa, làm cỏ, cưa, thổi hoặc chăm sóc cảnh quan."", ""field"": ""Nông nghiệp / cảnh quan (phân loại tham khảo)"", ""audience"": ""Nông dân; đơn vị cảnh quan; hộ gia đình"", ""excel_position"": 119, ""pdf_page"": 49, ""catalog_page"": 75, ""source"": ""DongCheng 2026 catalog import from Excel""}"
DCPR16351,Dụng cụ làm vườn DC – DCPR16351,cái,PRODUCT,False,True,True,Pin,"{""machine_code"": ""DCPR16351"", ""machine_category"": ""Dụng cụ làm vườn DC"", ""features"": ""mầm lái viền với"", ""package_accessories"": ""Cờ lê, Cờ lê Hex, Bàn mài, Dầu bôi trơn, Bao che lưỡi, Đóng hộp màu CÔNG CỤ ĐIỆN KHÔNG DÂY"", ""power_source"": ""Pin"", ""power"": """", ""capacity"": """", ""no_load_speed"": """", ""impact_rate"": """", ""max_torque"": """", ""weight"": """", ""function_icons"": ""Không chổi than"", ""usage"": ""Cắt tỉa, làm cỏ, cưa, thổi hoặc chăm sóc cảnh quan."", ""field"": ""Nông nghiệp / cảnh quan (phân loại tham khảo)"", ""audience"": ""Nông dân; đơn vị cảnh quan; hộ gia đình"", ""excel_position"": 120, ""pdf_page"": 49, ""catalog_page"": 75, ""source"": ""DongCheng 2026 catalog import from Excel""}"
